web-scraper-order,web-scraper-start-url,skills
"1575731012-101","https://www.researchgate.net/topics","School"
"1575731012-182","https://www.researchgate.net/topics","Bioinformatics and Computational Biology"
"1575731012-139","https://www.researchgate.net/topics","Models"
"1575731012-111","https://www.researchgate.net/topics","Finite Element Method"
"1575731012-102","https://www.researchgate.net/topics","ANOVA"
"1575731012-30","https://www.researchgate.net/topics","Western Blot"
"1575731012-168","https://www.researchgate.net/topics","Cell Culture"
"1575731012-297","https://www.researchgate.net/topics","Food"
"1575731012-55","https://www.researchgate.net/topics","Conferences"
"1575731012-250","https://www.researchgate.net/topics","Chemical Engineering"
"1575731012-45","https://www.researchgate.net/topics","Thin Films"
"1575731012-196","https://www.researchgate.net/topics","RNA"
"1575731012-243","https://www.researchgate.net/topics","Computational Fluid Dynamics"
"1575731012-66","https://www.researchgate.net/topics","pH"
"1575731012-195","https://www.researchgate.net/topics","Cell Biology"
"1575731012-31","https://www.researchgate.net/topics","Nanoparticles"
"1575731012-218","https://www.researchgate.net/topics","Flow Cytometry"
"1575731012-125","https://www.researchgate.net/topics","Polymer Chemistry"
"1575731012-42","https://www.researchgate.net/topics","Correction"
"1575731012-275","https://www.researchgate.net/topics","Mind"
"1575731012-224","https://www.researchgate.net/topics","Methodology"
"1575731012-191","https://www.researchgate.net/topics","Statistical Analysis"
"1575731012-201","https://www.researchgate.net/topics","Mice"
"1575731012-293","https://www.researchgate.net/topics","Diabetes"
"1575731012-301","https://www.researchgate.net/topics","Rats"
"1575731012-148","https://www.researchgate.net/topics","Immunohistochemistry"
"1575731012-193","https://www.researchgate.net/topics","Journal Impact Factor"
"1575731012-282","https://www.researchgate.net/topics","Time"
"1575731012-74","https://www.researchgate.net/topics","Philosophy"
"1575731012-149","https://www.researchgate.net/topics","Atoms"
"1575731012-107","https://www.researchgate.net/topics","Reliability"
"1575731012-144","https://www.researchgate.net/topics","Solar"
"1575731012-264","https://www.researchgate.net/topics","Industry"
"1575731012-227","https://www.researchgate.net/topics","Column"
"1575731012-128","https://www.researchgate.net/topics","Acids"
"1575731012-216","https://www.researchgate.net/topics","Survey"
"1575731012-103","https://www.researchgate.net/topics","Innovation"
"1575731012-138","https://www.researchgate.net/topics","Simulink"
"1575731012-69","https://www.researchgate.net/topics","Electrical Engineering"
"1575731012-70","https://www.researchgate.net/topics","Real-Time PCR"
"1575731012-242","https://www.researchgate.net/topics","Ethics"
"1575731012-256","https://www.researchgate.net/topics","Higher Education"
"1575731012-289","https://www.researchgate.net/topics","Molecular Dynamics"
"1575731012-267","https://www.researchgate.net/topics","Social Science"
"1575731012-186","https://www.researchgate.net/topics","India"
"1575731012-169","https://www.researchgate.net/topics","ANSYS"
"1575731012-225","https://www.researchgate.net/topics","Gromacs"
"1575731012-258","https://www.researchgate.net/topics","Oil"
"1575731012-154","https://www.researchgate.net/topics","XRD Analysis"
"1575731012-141","https://www.researchgate.net/topics","Next Generation Sequencing"
"1575731012-174","https://www.researchgate.net/topics","Teaching"
"1575731012-22","https://www.researchgate.net/topics","MATLAB"
"1575731012-286","https://www.researchgate.net/topics","Deep Learning"
"1575731012-210","https://www.researchgate.net/topics","Drugs"
"1575731012-77","https://www.researchgate.net/topics","Publishing"
"1575731012-226","https://www.researchgate.net/topics","Computer Science"
"1575731012-285","https://www.researchgate.net/topics","Soil Science"
"1575731012-253","https://www.researchgate.net/topics","Manuscripts"
"1575731012-161","https://www.researchgate.net/topics","Cancer Research"
"1575731012-59","https://www.researchgate.net/topics","Attitude"
"1575731012-180","https://www.researchgate.net/topics","Articles"
"1575731012-277","https://www.researchgate.net/topics","Heat Transfer"
"1575731012-43","https://www.researchgate.net/topics","Materials Science"
"1575731012-162","https://www.researchgate.net/topics","Journalism"
"1575731012-177","https://www.researchgate.net/topics","Cell Line"
"1575731012-271","https://www.researchgate.net/topics","Big Data"
"1575731012-119","https://www.researchgate.net/topics","Program"
"1575731012-219","https://www.researchgate.net/topics","Stress"
"1575731012-104","https://www.researchgate.net/topics","Classification"
"1575731012-56","https://www.researchgate.net/topics","Concrete"
"1575731012-262","https://www.researchgate.net/topics","Polymerase Chain Reaction"
"1575731012-50","https://www.researchgate.net/topics","Bioinformatics"
"1575731012-44","https://www.researchgate.net/topics","Publications"
"1575731012-99","https://www.researchgate.net/topics","R"
"1575731012-79","https://www.researchgate.net/topics","Immunology"
"1575731012-179","https://www.researchgate.net/topics","Biotechnology"
"1575731012-291","https://www.researchgate.net/topics","Scanning Electron Microscopy"
"1575731012-239","https://www.researchgate.net/topics","Carbon"
"1575731012-47","https://www.researchgate.net/topics","Staining"
"1575731012-41","https://www.researchgate.net/topics","Academic Journals"
"1575731012-135","https://www.researchgate.net/topics","Nanoparticle Research"
"1575731012-190","https://www.researchgate.net/topics","Collaboration"
"1575731012-109","https://www.researchgate.net/topics","Cancer Cell Line"
"1575731012-39","https://www.researchgate.net/topics","Antibodies"
"1575731012-208","https://www.researchgate.net/topics","Gene Expression"
"1575731012-261","https://www.researchgate.net/topics","Synthesis"
"1575731012-237","https://www.researchgate.net/topics","Material Characterization"
"1575731012-34","https://www.researchgate.net/topics","Publication"
"1575731012-122","https://www.researchgate.net/topics","Instruments"
"1575731012-287","https://www.researchgate.net/topics","UV-Visible Spectroscopy"
"1575731012-231","https://www.researchgate.net/topics","Training"
"1575731012-46","https://www.researchgate.net/topics","Mechanical Engineering"
"1575731012-80","https://www.researchgate.net/topics","Gels"
"1575731012-90","https://www.researchgate.net/topics","Materials Chemistry"
"1575731012-164","https://www.researchgate.net/topics","Papers"
"1575731012-276","https://www.researchgate.net/topics","Solubility"
"1575731012-214","https://www.researchgate.net/topics","Plants"
"1575731012-146","https://www.researchgate.net/topics","Polymers"
"1575731012-235","https://www.researchgate.net/topics","Electrochemistry"
"1575731012-240","https://www.researchgate.net/topics","SDS-PAGE"
"1575731012-228","https://www.researchgate.net/topics","Powders"
"1575731012-137","https://www.researchgate.net/topics","Academic Writing"
"1575731012-194","https://www.researchgate.net/topics","Data Analysis"
"1575731012-245","https://www.researchgate.net/topics","Protein Purification"
"1575731012-278","https://www.researchgate.net/topics","Peptides"
"1575731012-121","https://www.researchgate.net/topics","Heat"
"1575731012-151","https://www.researchgate.net/topics","Resistance"
"1575731012-147","https://www.researchgate.net/topics","DMSO"
"1575731012-140","https://www.researchgate.net/topics","Time Series"
"1575731012-126","https://www.researchgate.net/topics","Dissertations"
"1575731012-173","https://www.researchgate.net/topics","Machine Learning"
"1575731012-118","https://www.researchgate.net/topics","Cancer Biology"
"1575731012-115","https://www.researchgate.net/topics","Civil Engineering"
"1575731012-83","https://www.researchgate.net/topics","Advanced Statistical Analysis"
"1575731012-170","https://www.researchgate.net/topics","SPSS"
"1575731012-88","https://www.researchgate.net/topics","Nano"
"1575731012-272","https://www.researchgate.net/topics","Microsoft Office Excel"
"1575731012-181","https://www.researchgate.net/topics","Filing"
"1575731012-92","https://www.researchgate.net/topics","Neural Networks"
"1575731012-58","https://www.researchgate.net/topics","FLUENT"
"1575731012-36","https://www.researchgate.net/topics","Solvents"
"1575731012-132","https://www.researchgate.net/topics","Nanomaterials"
"1575731012-48","https://www.researchgate.net/topics","Calculations"
"1575731012-183","https://www.researchgate.net/topics","Buffer"
"1575731012-62","https://www.researchgate.net/topics","Analytical Chemistry"
"1575731012-35","https://www.researchgate.net/topics","Research Papers"
"1575731012-221","https://www.researchgate.net/topics","Extraction"
"1575731012-220","https://www.researchgate.net/topics","Materials"
"1575731012-60","https://www.researchgate.net/topics","Bacteria"
"1575731012-97","https://www.researchgate.net/topics","Light"
"1575731012-284","https://www.researchgate.net/topics","Glass"
"1575731012-178","https://www.researchgate.net/topics","Cell Culture Techniques"
"1575731012-38","https://www.researchgate.net/topics","Extracts"
"1575731012-205","https://www.researchgate.net/topics","Modeling"
"1575731012-78","https://www.researchgate.net/topics","Connectivity"
"1575731012-222","https://www.researchgate.net/topics","Nanotechnology"
"1575731012-159","https://www.researchgate.net/topics","PEAKS"
"1575731012-81","https://www.researchgate.net/topics","Engineering"
"1575731012-280","https://www.researchgate.net/topics","Agriculture"
"1575731012-72","https://www.researchgate.net/topics","Citations"
"1575731012-241","https://www.researchgate.net/topics","Gaussian"
"1575731012-158","https://www.researchgate.net/topics","Botany"
"1575731012-143","https://www.researchgate.net/topics","Renewable Energy"
"1575731012-251","https://www.researchgate.net/topics","Measurement"
"1575731012-254","https://www.researchgate.net/topics","Particle"
"1575731012-124","https://www.researchgate.net/topics","Water"
"1575731012-246","https://www.researchgate.net/topics","Protein Expression"
"1575731012-298","https://www.researchgate.net/topics","Emotion"
"1575731012-152","https://www.researchgate.net/topics","Sustainability"
"1575731012-51","https://www.researchgate.net/topics","Websites"
"1575731012-279","https://www.researchgate.net/topics","Ethanol"
"1575731012-33","https://www.researchgate.net/topics","Statistics"
"1575731012-249","https://www.researchgate.net/topics","Informality"
"1575731012-67","https://www.researchgate.net/topics","ELISA"
"1575731012-91","https://www.researchgate.net/topics","Universities"
"1575731012-53","https://www.researchgate.net/topics","Graphene"
"1575731012-106","https://www.researchgate.net/topics","Bioinformatic Tools"
"1575731012-105","https://www.researchgate.net/topics","English"
"1575731012-145","https://www.researchgate.net/topics","Organic"
"1575731012-213","https://www.researchgate.net/topics","Matrix"
"1575731012-202","https://www.researchgate.net/topics","X-ray Diffraction"
"1575731012-244","https://www.researchgate.net/topics","Finite Element Analysis"
"1575731012-54","https://www.researchgate.net/topics","Free Will"
"1575731012-65","https://www.researchgate.net/topics","Image Processing"
"1575731012-142","https://www.researchgate.net/topics","Geographic Information System"
"1575731012-73","https://www.researchgate.net/topics","Materials Engineering"
"1575731012-288","https://www.researchgate.net/topics","Energy"
"1575731012-198","https://www.researchgate.net/topics","Physics"
"1575731012-150","https://www.researchgate.net/topics","Membranes"
"1575731012-165","https://www.researchgate.net/topics","Molecular Biological Techniques"
"1575731012-192","https://www.researchgate.net/topics","Biochemistry"
"1575731012-127","https://www.researchgate.net/topics","Dyes"
"1575731012-184","https://www.researchgate.net/topics","Questionnaire"
"1575731012-112","https://www.researchgate.net/topics","Business"
"1575731012-207","https://www.researchgate.net/topics","Scientific Research"
"1575731012-131","https://www.researchgate.net/topics","Cloud Computing"
"1575731012-268","https://www.researchgate.net/topics","Semiconductor"
"1575731012-187","https://www.researchgate.net/topics","DNA"
"1575731012-273","https://www.researchgate.net/topics","Social Media"
"1575731012-211","https://www.researchgate.net/topics","Sample Size"
"1575731012-82","https://www.researchgate.net/topics","Transfection"
"1575731012-236","https://www.researchgate.net/topics","Dataset"
"1575731012-68","https://www.researchgate.net/topics","Assays"
"1575731012-155","https://www.researchgate.net/topics","Sequencing"
"1575731012-215","https://www.researchgate.net/topics","Steel"
"1575731012-157","https://www.researchgate.net/topics","Salts"
"1575731012-230","https://www.researchgate.net/topics","Simulators"
"1575731012-281","https://www.researchgate.net/topics","DNA Sequencing"
"1575731012-209","https://www.researchgate.net/topics","Plating"
"1575731012-252","https://www.researchgate.net/topics","Fish"
"1575731012-266","https://www.researchgate.net/topics","Plant Biotechnology"
"1575731012-29","https://www.researchgate.net/topics","Methods"
"1575731012-76","https://www.researchgate.net/topics","Interpretation"
"1575731012-130","https://www.researchgate.net/topics","Sensors"
"1575731012-57","https://www.researchgate.net/topics","Chemistry"
"1575731012-49","https://www.researchgate.net/topics","Psychology"
"1575731012-116","https://www.researchgate.net/topics","Fungi"
"1575731012-172","https://www.researchgate.net/topics","Reasoning"
"1575731012-248","https://www.researchgate.net/topics","Children"
"1575731012-94","https://www.researchgate.net/topics","Fluorescence"
"1575731012-98","https://www.researchgate.net/topics","References"
"1575731012-23","https://www.researchgate.net/topics","Molecular Biology"
"1575731012-238","https://www.researchgate.net/topics","Solar Cells"
"1575731012-75","https://www.researchgate.net/topics","Brain"
"1575731012-52","https://www.researchgate.net/topics","Climate Change"
"1575731012-108","https://www.researchgate.net/topics","Enzymes"
"1575731012-290","https://www.researchgate.net/topics","Gas"
"1575731012-134","https://www.researchgate.net/topics","Programming in MATLAB"
"1575731012-26","https://www.researchgate.net/topics","Publisher"
"1575731012-223","https://www.researchgate.net/topics","Ecology"
"1575731012-24","https://www.researchgate.net/topics","Books"
"1575731012-87","https://www.researchgate.net/topics","Soil"
"1575731012-265","https://www.researchgate.net/topics","Happiness"
"1575731012-206","https://www.researchgate.net/topics","Neuroscience"
"1575731012-64","https://www.researchgate.net/topics","Organic Chemistry"
"1575731012-89","https://www.researchgate.net/topics","Coating"
"1575731012-296","https://www.researchgate.net/topics","Internet of Things"
"1575731012-153","https://www.researchgate.net/topics","Journal Articles"
"1575731012-212","https://www.researchgate.net/topics","Comsol Multiphysics"
"1575731012-259","https://www.researchgate.net/topics","Molecular Cell Biology"
"1575731012-185","https://www.researchgate.net/topics","Microbiology"
"1575731012-199","https://www.researchgate.net/topics","High-Performance Liquid Chromatography"
"1575731012-117","https://www.researchgate.net/topics","Applied Mathematics"
"1575731012-156","https://www.researchgate.net/topics","RNA Extraction"
"1575731012-294","https://www.researchgate.net/topics","Antennas"
"1575731012-295","https://www.researchgate.net/topics","Health"
"1575731012-257","https://www.researchgate.net/topics","Medicine"
"1575731012-247","https://www.researchgate.net/topics","Genetics"
"1575731012-270","https://www.researchgate.net/topics","DNA Extraction"
"1575731012-260","https://www.researchgate.net/topics","Algorithms"
"1575731012-95","https://www.researchgate.net/topics","Structural Equation Modeling"
"1575731012-100","https://www.researchgate.net/topics","Soil Analysis"
"1575731012-203","https://www.researchgate.net/topics","Polymerization"
"1575731012-113","https://www.researchgate.net/topics","Wireless Sensor Network"
"1575731012-263","https://www.researchgate.net/topics","Mouse Models"
"1575731012-300","https://www.researchgate.net/topics","Battery"
"1575731012-189","https://www.researchgate.net/topics","Molecular Dynamics Simulation"
"1575731012-28","https://www.researchgate.net/topics","Running"
"1575731012-171","https://www.researchgate.net/topics","Images"
"1575731012-85","https://www.researchgate.net/topics","Students"
"1575731012-292","https://www.researchgate.net/topics","Computer"
"1575731012-176","https://www.researchgate.net/topics","Mathematics"
"1575731012-163","https://www.researchgate.net/topics","Abaqus"
"1575731012-200","https://www.researchgate.net/topics","Proteins"
"1575731012-110","https://www.researchgate.net/topics","Pressure"
"1575731012-114","https://www.researchgate.net/topics","Environmentalism"
"1575731012-133","https://www.researchgate.net/topics","Vectorization"
"1575731012-197","https://www.researchgate.net/topics","Coding"
"1575731012-299","https://www.researchgate.net/topics","Liquids"
"1575731012-283","https://www.researchgate.net/topics","Qualitative Research"
"1575731012-37","https://www.researchgate.net/topics","Plasmids"
"1575731012-61","https://www.researchgate.net/topics","Data"
"1575731012-32","https://www.researchgate.net/topics","Thinking"
"1575731012-63","https://www.researchgate.net/topics","Graphs"
"1575731012-96","https://www.researchgate.net/topics","Economics"
"1575731012-120","https://www.researchgate.net/topics","Protein Purification Techniques"
"1575731012-167","https://www.researchgate.net/topics","Software"
"1575731012-255","https://www.researchgate.net/topics","Biology"
"1575731012-123","https://www.researchgate.net/topics","Cloning"
"1575731012-40","https://www.researchgate.net/topics","Artificial Intelligence"
"1575731012-25","https://www.researchgate.net/topics","Writing"
"1575731012-86","https://www.researchgate.net/topics","Regression"
"1575731012-84","https://www.researchgate.net/topics","Research Topics"
"1575731012-229","https://www.researchgate.net/topics","Data Mining"
"1575731012-160","https://www.researchgate.net/topics","Nanocomposites"
"1575731012-274","https://www.researchgate.net/topics","3D"
"1575731012-269","https://www.researchgate.net/topics","Thin Films and Nanotechnology"
"1575731012-71","https://www.researchgate.net/topics","Python"
"1575731012-27","https://www.researchgate.net/topics","Learning"
"1575731012-204","https://www.researchgate.net/topics","Indexes"
"1575731012-166","https://www.researchgate.net/topics","PCR"
"1575731012-233","https://www.researchgate.net/topics","Remote Sensing"
"1575731012-188","https://www.researchgate.net/topics","Education"
"1575731012-175","https://www.researchgate.net/topics","Primer"
"1575731012-232","https://www.researchgate.net/topics","Color"
"1575731012-217","https://www.researchgate.net/topics","Electrodes"
"1575731012-129","https://www.researchgate.net/topics","Attachment"
"1575731012-234","https://www.researchgate.net/topics","microRNA"
"1575731012-136","https://www.researchgate.net/topics","Tissue"
"1575731012-93","https://www.researchgate.net/topics","Plant Extracts"
